week,ruralpop,ruraldeaths,ruraldeathrate,urbanpop,urbandeaths,urbandeathrate,excessdeathsYN,excessdeath%,ruralicubedsavg,urbanicubedsavg,ruralicuoccupancy,urbanicuoccupancy,ruralinptbeds,urbaninptbeds
3/1/2020,6139339.0,0.0,0.0,4987417.0,0.0,0.0,false,0.0,,,,,,
3/8/2020,6139339.0,0.0,0.0,4987417.0,0.0,0.0,false,1.62640130907321,,,,,21.0,
3/15/2020,6139339.0,1.0,0.016288398474167985,4987417.0,1.0,0.020050458985081857,false,0.0,,,,,21.0,
3/22/2020,6139339.0,13.0,0.2117491801641838,4987417.0,9.0,0.18045413086573672,false,0.0,,,,,15.0,
3/29/2020,6139339.0,23.0,0.3746331649058636,4987417.0,19.0,0.3809587207165553,false,0.139862981251735,,,,,19.695454545454545,90.76923076923077
4/5/2020,6139339.0,46.0,0.7492663298117272,4987417.0,46.0,0.9223211133137653,false,3.24840329897899,,,,,22.047619047619047,105.25
4/12/2020,6139339.0,81.0,1.3193602764076067,4987417.0,81.0,1.6240871777916306,false,5.18229329220477,,,,,20.39047619047619,149.08194444444445
4/19/2020,6139339.0,144.0,2.3455293802801895,4987417.0,144.0,2.8872660938517876,true,7.64916395243583,,,,,20.55348837209302,147.87260273972606
4/26/2020,6139339.0,150.0,2.4432597711251978,4987417.0,150.0,3.0075688477622786,true,17.0939661965026,,,,,20.927906976744186,145.4356164383561
5/3/2020,6139339.0,176.0,2.8667581314535653,4987417.0,168.0,3.368477109493752,true,21.0787867123547,,,,,21.302325581395348,144.92465753424656
5/10/2020,6139339.0,150.0,2.4432597711251978,4987417.0,142.0,2.847165175881624,true,23.4152525222335,,,,,21.132558139534883,143.63108108108105
5/17/2020,6139339.0,168.0,2.7364509436602216,4987417.0,158.0,3.1679725196429334,true,17.0081609365554,,,,,21.12093023255814,147.0657534246575
5/24/2020,6139339.0,161.0,2.6224321543410456,4987417.0,155.0,3.107821142687688,true,18.1773323377761,,,,,21.151162790697676,152.95342465753424
5/31/2020,6139339.0,149.0,2.4269713726510296,4987417.0,141.0,2.8271147168965416,true,21.0735795554744,,,,,21.12558139534884,151.41780821917808
6/7/2020,6139339.0,95.0,1.5473978550459584,4987417.0,91.0,1.824591767642449,true,24.3093273952969,,,,,19.697727272727274,145.07297297297296
6/14/2020,6139339.0,76.0,1.2379182840367668,4987417.0,72.0,1.4436330469258938,true,17.0405671549937,,,,,19.790697674418606,147.8095890410959
6/21/2020,6139339.0,51.0,0.8307083221825671,4987417.0,45.0,0.9022706543286837,true,13.8911051507147,,,,,19.790697674418606,146.9205479452055
6/28/2020,6139339.0,43.0,0.7004011343892234,4987417.0,39.0,0.7819679004181923,false,2.14220883045684,,,,,19.651162790697676,147.5054794520548
7/5/2020,6139339.0,34.0,0.5538055481217115,4987417.0,30.0,0.6015137695524557,false,6.50987115252046,,,,,19.46511627906977,148.79861111111111
7/12/2020,6139339.0,43.0,0.7004011343892234,4987417.0,31.0,0.6215642285375376,false,5.410170887076,2.0,11.6,0.625,6.35,19.38372093023256,147.61917808219175
7/19/2020,6139339.0,39.0,0.6352475404925514,4987417.0,31.0,0.6215642285375376,false,5.51086353248179,1.5,17.11111111111111,0.5714285714285714,10.322222222222223,19.153488372093022,149.82222222222222
7/26/2020,6139339.0,42.0,0.6841127359150554,4987417.0,36.0,0.7218165234629469,false,6.52131683854333,1.4857142857142858,13.59433962264151,0.4714285714285714,9.120754716981132,19.127272727272725,136.36164383561646
8/2/2020,6139339.0,54.0,0.8795735176050711,4987417.0,42.0,0.842119277373438,false,0.0,1.3828571428571428,12.901612903225805,0.52,9.058064516129033,19.539534883720933,135.55068493150685
8/9/2020,6139339.0,60.0,0.9773039084500791,4987417.0,52.0,1.0426238672242567,false,6.83139558899012,1.3,12.719354838709679,0.5457142857142857,9.048387096774196,18.727906976744183,136.5205479452055
8/16/2020,6139339.0,71.0,1.156476291665927,4987417.0,57.0,1.142876162149666,false,5.65118791267065,1.1911764705882353,12.65873015873016,0.5147058823529411,9.079365079365079,18.729545454545455,135.5082191780822
8/23/2020,6139339.0,45.0,0.7329779313375593,4987417.0,33.0,0.6616651465077014,true,8.01845403943628,1.1944444444444444,13.26470588235294,0.6916666666666667,9.954411764705881,18.413636363636364,136.56712328767125
8/30/2020,6139339.0,51.0,0.8307083221825671,4987417.0,39.0,0.7819679004181923,true,8.16452387973949,0.9772727272727273,11.994520547945204,0.5681818181818182,8.70958904109589,18.493181818181817,133.52602739726024
9/6/2020,6139339.0,66.0,1.075034299295087,4987417.0,52.0,1.0426238672242567,false,3.49146351593951,0.9772727272727273,12.651388888888889,0.45454545454545453,9.004166666666666,18.513636363636365,132.68630136986303
9/13/2020,6139339.0,45.0,0.7329779313375593,4987417.0,37.0,0.7418669824480286,false,2.43143068871813,0.9772727272727273,12.608333333333333,0.45454545454545453,9.295833333333333,18.518181818181816,131.4808219178082
9/20/2020,6139339.0,82.0,1.3356486748817746,4987417.0,42.0,0.842119277373438,true,9.97734522733265,0.9431818181818182,12.3875,0.45681818181818185,9.24861111111111,18.46590909090909,131.81095890410958
9/27/2020,6139339.0,87.0,1.4170906672526147,4987417.0,61.0,1.2230779980899933,true,10.237103067882,1.0340909090909092,12.572602739726028,0.475,9.415068493150686,18.495454545454546,132.42465753424656
10/4/2020,6139339.0,110.0,1.7917238321584783,4987417.0,72.0,1.4436330469258938,false,0.487200006162657,1.0681818181818181,12.526027397260274,0.5659090909090909,9.21095890410959,18.66590909090909,134.10958904109586
10/11/2020,6139339.0,116.0,1.889454223003486,4987417.0,82.0,1.6441376367767122,true,14.0903659653955,1.0681818181818181,12.613698630136989,0.6659090909090909,9.273972602739727,18.645454545454545,134.886301369863
10/18/2020,6139339.0,153.0,2.492124966547702,4987417.0,101.0,2.0250963574932674,false,7.03526961579584,1.0681818181818181,12.636986301369861,0.5363636363636364,9.545205479452054,18.69090909090909,133.83013698630137
10/25/2020,6139339.0,192.0,3.127372507040253,4987417.0,136.0,2.7268624219711324,true,16.5025546665778,1.0681818181818181,12.917808219178081,0.6568181818181817,9.86027397260274,18.74772727272727,134.98904109589043
11/1/2020,6139339.0,259.0,4.218695204809508,4987417.0,187.0,3.7494358302103072,false,0.487200006162657,1.0909090909090908,13.10821917808219,0.6204545454545455,10.582191780821915,18.56363636363636,135.49452054794517
11/8/2020,6139339.0,344.0,5.603209075113787,4987417.0,244.0,4.892311992359973,true,27.5303521176844,1.0954545454545455,12.746575342465755,0.7000000000000001,10.41232876712329,18.04318181818182,131.4068493150685
11/15/2020,6139339.0,487.0,7.932450056919809,4987417.0,325.0,6.516399170151603,true,32.3810578777577,1.0477272727272728,12.845205479452055,0.7000000000000001,10.646575342465752,17.425000000000004,126.49178082191777
11/22/2020,6139339.0,542.0,8.828311972999048,4987417.0,362.0,7.258266152599632,true,44.5878685911885,1.0477272727272728,13.07123287671233,0.7545454545454546,10.824657534246576,17.13181818181818,120.76575342465753
11/29/2020,6139339.0,573.0,9.333252325698256,4987417.0,415.0,8.320940478808971,true,52.8143111633353,1.0909090909090908,12.45890410958904,0.6954545454545454,10.568493150684931,17.325,116.23835616438357
12/6/2020,6139339.0,586.0,9.54500150586244,4987417.0,418.0,8.381091855764216,true,43.8089932610555,1.0772727272727272,12.57945205479452,0.7295454545454546,10.317808219178081,16.93409090909091,115.65890410958905
12/13/2020,6139339.0,487.0,7.932450056919809,4987417.0,339.0,6.7971055959427495,true,48.3992946057558,1.0204545454545455,12.557534246575342,0.4977272727272727,10.304109589041095,16.643181818181816,115.24931506849316
12/20/2020,6139339.0,374.0,6.091861029338826,4987417.0,282.0,5.654229433793083,true,36.0868515515378,1.0136363636363637,12.467123287671233,0.6045454545454546,9.772602739726029,16.636363636363637,113.74657534246573
12/27/2020,6139339.0,304.0,4.951673136147067,4987417.0,240.0,4.812110156419646,true,28.1653048525276,1.009090909090909,12.221917808219178,0.5113636363636364,9.372602739726027,16.543181818181818,111.85616438356166
1/3/2021,6139339.0,259.0,4.218695204809508,4987417.0,213.0,4.270747763822436,true,26.2732211783112,1.0250000000000001,11.978082191780823,0.43409090909090914,9.04931506849315,16.68409090909091,112.93698630136988
1/10/2021,6139339.0,227.0,3.6974664536361326,4987417.0,193.0,3.8697385841207983,true,19.5086032447491,1.0227272727272727,11.779452054794518,0.5113636363636364,9.065753424657537,16.561363636363637,113.25205479452057
1/17/2021,6139339.0,136.0,2.215222192486846,4987417.0,116.0,2.3258532422694955,true,12.5666974458381,1.0227272727272727,11.871232876712327,0.3977272727272727,9.14931506849315,16.738636363636363,114.6041095890411
1/24/2021,6139339.0,126.0,2.052338207745166,4987417.0,104.0,2.0852477344485134,false,0.0,1.0227272727272727,11.758904109589041,0.4318181818181818,8.836986301369862,16.747727272727275,113.79999999999997
1/31/2021,6139339.0,100.0,1.6288398474167987,4987417.0,78.0,1.5639358008363846,false,0.0,1.0227272727272727,11.382191780821918,0.509090909090909,8.636986301369863,16.740909090909092,110.88630136986302
2/7/2021,6139339.0,93.0,1.5148210580976225,4987417.0,81.0,1.6240871777916306,false,2.32124067109688,1.0227272727272727,11.102739726027396,0.5522727272727272,8.101369863013698,16.68409090909091,110.57123287671232
2/14/2021,6139339.0,67.0,1.091322697769255,4987417.0,55.0,1.102775244179502,false,0.0,1.0227272727272727,11.1,0.6090909090909091,8.343835616438357,16.745454545454546,109.72191780821917
2/21/2021,6139339.0,45.0,0.7329779313375593,4987417.0,37.0,0.7418669824480286,false,0.0,1.0227272727272727,11.402739726027395,0.43409090909090914,8.676712328767124,16.779545454545456,111.26164383561644
2/28/2021,6139339.0,56.0,0.9121503145534071,4987417.0,42.0,0.842119277373438,false,2.3520264110007,1.0295454545454545,11.486301369863018,0.5204545454545454,8.52191780821918,16.711363636363636,111.05068493150684
3/7/2021,6139339.0,53.0,0.8632851191309031,4987417.0,39.0,0.7819679004181923,false,0.0,1.0227272727272727,11.395890410958902,0.5659090909090909,8.473972602739726,16.702272727272728,110.34657534246573
3/14/2021,6139339.0,42.0,0.6841127359150554,4987417.0,30.0,0.6015137695524557,false,0.0,1.0250000000000001,11.247945205479452,0.4477272727272727,8.250684931506848,16.724999999999998,110.80273972602738
3/21/2021,6139339.0,37.0,0.6026707435442153,4987417.0,23.0,0.46116055665688266,false,0.0,1.0795454545454546,11.330136986301369,0.5545454545454546,8.435616438356163,16.697727272727274,111.40958904109587
3/28/2021,6139339.0,58.0,0.944727111501743,4987417.0,38.0,0.7619174414331106,false,0.0,1.0227272727272727,11.56986301369863,0.43863636363636366,8.757534246575341,16.693181818181817,111.65205479452052
4/4/2021,6139339.0,57.0,0.9284387130275751,4987417.0,45.0,0.9022706543286837,false,0.0,1.0250000000000001,11.778082191780822,0.5181818181818182,9.191780821917808,16.725,112.14246575342464
4/11/2021,6139339.0,70.0,1.140187893191759,4987417.0,56.0,1.122825703164584,false,0.0,1.0545454545454545,11.893150684931506,0.4431818181818182,9.520547945205477,16.797727272727272,114.21232876712328
4/18/2021,6139339.0,67.0,1.091322697769255,4987417.0,53.0,1.0626743262093383,false,0.0,1.0681818181818181,12.106849315068493,0.5477272727272727,10.026027397260275,16.861363636363635,113.35753424657534
4/25/2021,6139339.0,88.0,1.4333790657267826,4987417.0,66.0,1.3233302930154027,false,5.87000230109269,1.0886363636363636,12.053424657534245,0.7295454545454546,9.636986301369864,16.89318181818182,113.85068493150688
5/2/2021,6139339.0,63.0,1.026169103872583,4987417.0,47.0,0.9423715722988473,true,10.3169722369072,1.125,12.158904109589043,0.5681818181818182,9.786301369863015,16.888636363636365,114.76027397260275
5/9/2021,6139339.0,75.0,1.2216298855625989,4987417.0,49.0,0.982472490269011,false,2.78857629307684,1.0681818181818181,11.976712328767123,0.425,9.6027397260274,16.863636363636363,113.06986301369864
5/16/2021,6139339.0,47.0,0.7655547282858953,4987417.0,43.0,0.8621697363585199,true,7.59965895588504,1.0681818181818181,11.846575342465753,0.5681818181818182,9.509589041095893,16.895454545454545,112.98630136986301
5/23/2021,6139339.0,38.0,0.6189591420183834,4987417.0,30.0,0.6015137695524557,false,2.45468077421403,1.0681818181818181,11.742465753424657,0.625,9.379452054794521,16.90681818181818,113.08904109589041
5/30/2021,6139339.0,36.0,0.5863823450700474,4987417.0,24.0,0.48121101564196456,false,1.33193762820102,1.125,11.553424657534247,0.5318181818181817,9.06986301369863,16.98409090909091,111.23287671232876
6/6/2021,6139339.0,41.0,0.6678243374408873,4987417.0,29.0,0.5814633105673739,false,0.0,1.0681818181818181,11.527397260273972,0.475,9.412328767123288,16.96136363636364,113.14794520547945
6/13/2021,6139339.0,26.0,0.4234983603283676,4987417.0,18.0,0.36090826173147345,true,7.07134995284454,1.0681818181818181,11.241095890410959,0.6045454545454546,8.776712328767125,16.93409090909091,112.47671232876714
6/20/2021,6139339.0,25.0,0.40720996185419966,4987417.0,21.0,0.421059638686719,false,0.0,1.0909090909090908,11.084931506849312,0.6454545454545454,8.112328767123289,16.920454545454547,111.66301369863014
6/27/2021,6139339.0,14.0,0.22803757863835178,4987417.0,10.0,0.20050458985081857,false,3.52894893894235,1.0681818181818181,11.10821917808219,0.6227272727272727,8.605479452054794,16.786363636363635,112.32739726027394
7/4/2021,6139339.0,14.0,0.22803757863835178,4987417.0,12.0,0.24060550782098228,false,3.68129245801393,1.0681818181818181,11.098630136986303,0.5477272727272727,8.342465753424658,16.65909090909091,111.47260273972601
7/11/2021,6139339.0,15.0,0.24432597711251977,4987417.0,9.0,0.18045413086573672,false,4.51396008040678,1.0113636363636365,11.078082191780823,0.5613636363636364,8.542465753424654,16.677272727272726,113.3808219178082
7/18/2021,6139339.0,10.0,0.16288398474167984,4987417.0,10.0,0.20050458985081857,false,2.20491381478913,1.0113636363636365,11.436986301369863,0.39545454545454545,8.71095890410959,16.70909090909091,113.96986301369864
7/25/2021,6139339.0,26.0,0.4234983603283676,4987417.0,12.0,0.24060550782098228,false,0.0,1.0113636363636365,11.476712328767125,0.3977272727272727,8.898630136986302,16.795454545454547,113.63835616438357
8/1/2021,6139339.0,25.0,0.40720996185419966,4987417.0,19.0,0.3809587207165553,false,3.68129245801393,1.0113636363636365,11.64109589041096,0.4454545454545455,9.14931506849315,16.697727272727274,113.43698630136988
8/8/2021,6139339.0,29.0,0.4723635557508715,4987417.0,27.0,0.5413623925972101,false,4.68016896924325,1.0113636363636365,11.591780821917808,0.4295454545454545,8.984931506849314,16.720454545454544,114.02054794520548
8/15/2021,6139339.0,36.0,0.5863823450700474,4987417.0,30.0,0.6015137695524557,true,9.72642430682469,1.0681818181818181,11.672602739726026,0.6272727272727273,9.223287671232876,16.602272727272723,114.16164383561643
8/22/2021,6139339.0,54.0,0.8795735176050711,4987417.0,46.0,0.9223211133137653,false,2.20497571711907,1.0681818181818181,11.665753424657535,0.4636363636363636,9.415068493150686,16.62272727272727,113.58219178082194
8/29/2021,6139339.0,61.0,0.993592306924247,4987417.0,53.0,1.0626743262093383,false,3.174777004626,0.9772727272727273,11.889041095890411,0.5477272727272727,9.680821917808219,16.952272727272728,114.06438356164385
9/5/2021,6139339.0,83.0,1.3519370733559428,4987417.0,51.0,1.0225734082391749,true,9.18514201795361,1.0681818181818181,11.854794520547946,0.6272727272727273,9.643835616438356,16.786363636363635,114.18219178082191
9/12/2021,6139339.0,93.0,1.5148210580976225,4987417.0,71.0,1.423582587940812,true,9.64193510150476,1.0113636363636365,11.953424657534248,0.5772727272727273,9.860273972602739,16.775000000000002,114.78630136986304
9/19/2021,6139339.0,115.0,1.8731658245293183,4987417.0,91.0,1.824591767642449,true,10.2773152805764,1.0113636363636365,11.753424657534246,0.6204545454545455,9.871232876712329,16.754545454545454,114.65890410958905
9/26/2021,6139339.0,128.0,2.084915004693502,4987417.0,86.0,1.7243394727170398,true,8.49254311988869,0.9772727272727273,11.69041095890411,0.6795454545454546,9.682191780821917,16.786363636363635,114.2109589041096
10/3/2021,6139339.0,160.0,2.6061437558668774,4987417.0,116.0,2.3258532422694955,true,15.1030812988576,1.0045454545454546,11.841095890410958,0.7363636363636363,9.9,16.64090909090909,115.1876712328767
10/10/2021,6139339.0,154.0,2.5084133650218696,4987417.0,100.0,2.0050458985081856,true,13.6135968846303,1.125,11.768493150684932,0.8977272727272727,9.82054794520548,16.74772727272727,114.96986301369861
10/17/2021,6139339.0,176.0,2.8667581314535653,4987417.0,96.0,1.9248440625678582,true,10.3337391944547,1.0909090909090908,11.919178082191783,0.7613636363636364,10.053424657534245,16.66590909090909,114.16986301369863
10/24/2021,6139339.0,176.0,2.8667581314535653,4987417.0,120.0,2.406055078209823,true,15.1741267434802,0.9772727272727273,11.81095890410959,0.6272727272727273,9.767123287671232,16.634090909090908,114.772602739726
10/31/2021,6139339.0,194.0,3.159949303988589,4987417.0,136.0,2.7268624219711324,true,19.1328343095798,1.0681818181818181,11.78904109589041,0.6863636363636364,9.713698630136985,16.713636363636365,114.62739726027397
11/7/2021,6139339.0,211.0,3.4368520780494447,4987417.0,143.0,2.8672156348667053,true,19.9679889226979,1.0840909090909092,12.042465753424656,0.7909090909090909,10.287671232876713,16.663636363636364,115.51506849315066
11/14/2021,6139339.0,255.0,4.1535416109128365,4987417.0,177.0,3.548931240359489,true,25.8209400702132,1.2204545454545455,12.156164383561643,0.9386363636363636,10.52054794520548,16.599999999999998,115.77123287671229
11/21/2021,6139339.0,275.0,4.479309580396196,4987417.0,211.0,4.230646845852272,true,27.3620633674298,1.1204545454545456,12.176712328767122,0.85,10.593150684931505,16.64090909090909,115.88630136986302
11/28/2021,6139339.0,299.0,4.870231143776227,4987417.0,219.0,4.391050517732927,true,31.4995803703522,1.184090909090909,12.343835616438357,0.8568181818181819,10.658904109589042,16.63636363636364,114.97397260273974
12/5/2021,6139339.0,293.0,4.77250075293122,4987417.0,221.0,4.43115143570309,true,32.8605324707193,0.9863636363636363,12.238356164383562,0.7818181818181817,10.771232876712329,16.643181818181816,116.13561643835618
12/12/2021,6139339.0,292.0,4.756212354457051,4987417.0,218.0,4.371000058747845,true,32.8777557652869,0.9272727272727272,12.210958904109589,0.7840909090909091,10.683561643835617,16.568181818181817,115.26712328767121
12/19/2021,6139339.0,228.0,3.7137548521103003,4987417.0,188.0,3.769486289195389,true,33.4764777999162,1.0454545454545454,11.887671232876713,0.8340909090909091,10.465753424657535,16.427272727272726,112.18630136986302
12/26/2021,6139339.0,254.0,4.137253212438668,4987417.0,204.0,4.0902936329566995,true,22.9459836476129,0.9295454545454546,11.675342465753424,0.7386363636363636,10.065753424657533,15.840909090909092,108.45479452054795
1/2/2022,6139339.0,245.0,3.990657626171156,4987417.0,179.0,3.589032158329652,true,27.7327215935158,1.0022727272727272,11.652054794520549,0.7613636363636364,10.089041095890408,15.538636363636362,109.78630136986298
1/9/2022,6139339.0,204.0,3.3228332887302683,4987417.0,160.0,3.208073437613097,true,25.3098808459312,0.9659090909090909,11.601369863013698,0.8181818181818182,10.075342465753423,14.44090909090909,108.99726027397259
1/16/2022,6139339.0,234.0,3.8114852429553085,4987417.0,196.0,3.929889961076044,true,27.921608465316,0.9727272727272727,11.29041095890411,0.6272727272727273,9.806849315068494,13.509090909090908,108.15068493150686
1/23/2022,6139339.0,260.0,4.234983603283676,4987417.0,202.0,4.050192714986535,true,23.6514608784019,1.009090909090909,11.254794520547945,0.7386363636363636,9.81917808219178,13.134090909090908,108.03013698630134
1/30/2022,6139339.0,205.0,3.339121687204437,4987417.0,149.0,2.9875183887771968,true,27.5667689276703,0.9181818181818181,11.164383561643836,0.7363636363636363,9.324657534246574,12.879545454545452,108.31917808219174
2/6/2022,6139339.0,178.0,2.899334928401901,4987417.0,142.0,2.847165175881624,true,13.4969257803871,0.9590909090909091,10.99041095890411,0.7159090909090909,9.268493150684934,12.94090909090909,108.15479452054795
2/13/2022,6139339.0,145.0,2.3618177787543577,4987417.0,109.0,2.1855000293739226,true,21.539079322608,0.9522727272727273,10.902739726027397,0.5681818181818182,8.952054794520548,12.94090909090909,107.84794520547945
2/20/2022,6139339.0,108.0,1.7591470352101422,4987417.0,80.0,1.6040367188065485,true,7.17192941847099,1.0159090909090909,10.753424657534245,0.6227272727272727,8.438356164383562,12.922727272727274,107.77397260273972
2/27/2022,6139339.0,69.0,1.123899494717591,4987417.0,47.0,0.9423715722988473,true,8.22021165748063,1.0795454545454546,10.601369863013696,0.615909090909091,8.438356164383563,12.693181818181818,108.74383561643833
3/6/2022,6139339.0,66.0,1.075034299295087,4987417.0,40.0,0.8020183594032743,false,0.819508475038621,0.9727272727272727,10.656164383561645,0.5204545454545454,8.25753424657534,12.506818181818183,108.39589041095888
3/13/2022,6139339.0,29.0,0.4723635557508715,4987417.0,23.0,0.46116055665688266,false,2.49545593809789,0.9022727272727273,10.68904109589041,0.3977272727272727,8.280821917808218,12.47272727272727,107.93287671232876
3/20/2022,6139339.0,36.0,0.5863823450700474,4987417.0,32.0,0.6416146875226194,false,2.78152339786363,0.8863636363636364,10.408219178082193,0.3977272727272727,8.183561643835619,12.527272727272724,107.46438356164381
3/27/2022,6139339.0,24.0,0.39092156338003164,4987417.0,20.0,0.40100917970163713,false,3.99125675464059,0.95,10.268493150684932,0.3409090909090909,7.731506849315067,12.47272727272727,106.63972602739724
4/3/2022,6139339.0,27.0,0.43978675880253554,4987417.0,23.0,0.46116055665688266,false,0.0,0.9409090909090909,10.584931506849317,0.625,8.197260273972603,12.534090909090908,107.04931506849316
4/10/2022,6139339.0,18.0,0.2931911725350237,4987417.0,14.0,0.280706425791146,false,0.071992221612093,0.9022727272727273,10.575342465753423,0.625,8.094520547945207,12.59772727272727,107.85342465753425
4/17/2022,6139339.0,21.0,0.3420563679575277,4987417.0,19.0,0.3809587207165553,false,0.430195192953525,0.8886363636363637,10.389041095890413,0.5113636363636364,7.832876712328768,12.465909090909092,108.22465753424656
4/24/2022,6139339.0,13.0,0.2117491801641838,4987417.0,11.0,0.22055504883590044,false,6.8930255545451,0.95,10.697260273972601,0.6227272727272727,8.342465753424657,12.422727272727274,108.5082191780822
5/1/2022,6139339.0,34.0,0.5538055481217115,4987417.0,28.0,0.561412851582292,false,0.0,0.9454545454545454,10.506849315068495,0.49090909090909096,8.13287671232877,12.554545454545455,107.28082191780821
5/8/2022,6139339.0,38.0,0.6189591420183834,4987417.0,32.0,0.6416146875226194,false,0.926609256358295,0.9522727272727273,10.56027397260274,0.5704545454545454,8.480821917808218,12.531818181818183,108.52739726027397
5/15/2022,6139339.0,34.0,0.5538055481217115,4987417.0,28.0,0.561412851582292,false,4.52360850114357,0.9522727272727273,10.665753424657533,0.5750000000000001,8.593150684931508,12.688636363636363,108.06164383561647
5/22/2022,6139339.0,60.0,0.9773039084500791,4987417.0,42.0,0.842119277373438,false,0.4069777054844,1.0159090909090909,10.54931506849315,0.5477272727272727,8.1,12.625,107.07123287671233
5/29/2022,6139339.0,47.0,0.7655547282858953,4987417.0,35.0,0.701766064477865,true,7.85815361988049,0.9454545454545454,10.543835616438356,0.5681818181818182,8.271232876712329,12.547727272727276,107.19999999999997
6/5/2022,6139339.0,35.0,0.5700939465958795,4987417.0,25.0,0.5012614746270464,false,3.92088531243424,0.9659090909090909,10.593150684931507,0.46136363636363636,8.243835616438357,12.586363636363636,107.34383561643835
6/12/2022,6139339.0,41.0,0.6678243374408873,4987417.0,33.0,0.6616651465077014,false,1.87844324914934,0.9568181818181819,10.43013698630137,0.45681818181818185,8.283561643835617,12.647727272727273,107.09041095890412
6/19/2022,6139339.0,45.0,0.7329779313375593,4987417.0,29.0,0.5814633105673739,false,4.11169393412722,0.9431818181818182,10.394520547945206,0.5545454545454546,7.979452054794522,12.561363636363637,107.65205479452052
6/26/2022,6139339.0,36.0,0.5863823450700474,4987417.0,26.0,0.5213119336121284,true,7.77562884975232,0.9568181818181819,10.363013698630139,0.5613636363636364,8.23013698630137,12.615909090909092,107.85890410958905
7/3/2022,6139339.0,39.0,0.6352475404925514,4987417.0,29.0,0.5814633105673739,true,8.62583444092402,0.9090909090909091,10.469863013698632,0.46136363636363636,8.538356164383561,12.390909090909092,106.1013698630137
7/10/2022,6139339.0,40.0,0.6515359389667194,4987417.0,34.0,0.6817156054927831,true,8.16084482099649,0.9204545454545454,10.620547945205479,0.45454545454545453,8.602739726027398,12.359090909090908,107.50410958904112
7/17/2022,6139339.0,47.0,0.7655547282858953,4987417.0,45.0,0.9022706543286837,false,0.678116550232631,0.925,10.364383561643836,0.625,8.4,12.465909090909092,106.12054794520549
7/24/2022,6139339.0,31.0,0.5049403526992076,4987417.0,21.0,0.421059638686719,true,7.63110317336471,0.9181818181818181,10.45068493150685,0.4954545454545455,8.491780821917807,12.520454545454545,106.25205479452055
7/31/2022,6139339.0,33.0,0.5375171496475435,4987417.0,23.0,0.46116055665688266,true,7.50214392380547,0.9409090909090909,10.487671232876714,0.5681818181818182,8.090410958904108,12.497727272727273,106.08082191780821
8/7/2022,6139339.0,41.0,0.6678243374408873,4987417.0,31.0,0.6215642285375376,true,10.3250952125104,0.9363636363636364,10.302739726027399,0.625,8.205479452054796,12.511363636363637,105.80273972602738
8/14/2022,6139339.0,35.0,0.5700939465958795,4987417.0,23.0,0.46116055665688266,false,1.1250083633435,0.9022727272727273,10.146575342465754,0.4977272727272727,7.956164383561641,12.472727272727274,105.2
8/21/2022,6139339.0,58.0,0.944727111501743,4987417.0,42.0,0.842119277373438,false,3.87900994679353,0.8613636363636363,10.399999999999999,0.6090909090909091,8.013698630136984,12.488636363636362,106.12739726027401
8/28/2022,6139339.0,46.0,0.7492663298117272,4987417.0,32.0,0.6416146875226194,false,4.24680598292338,0.8613636363636363,10.568493150684931,0.5113636363636364,8.39041095890411,12.631818181818181,106.07123287671234
9/4/2022,6139339.0,50.0,0.8144199237083993,4987417.0,38.0,0.7619174414331106,false,2.92765875872454,0.884090909090909,10.519178082191782,0.43863636363636366,8.54109589041096,12.513636363636364,106.83424657534249
9/11/2022,6139339.0,48.0,0.7818431267600633,4987417.0,30.0,0.6015137695524557,true,11.3204693738409,0.8772727272727273,10.56986301369863,0.3977272727272727,8.479452054794521,12.479545454545455,107.23972602739731
9/18/2022,6139339.0,44.0,0.7166895328633913,4987417.0,30.0,0.6015137695524557,false,5.32147010402274,0.8454545454545456,10.723287671232876,0.33409090909090905,8.76849315068493,12.479545454545452,108.18767123287667
9/25/2022,6139339.0,44.0,0.7166895328633913,4987417.0,30.0,0.6015137695524557,true,7.3389803089975,0.9090909090909091,10.57123287671233,0.48863636363636365,8.621917808219179,12.509090909090908,107.71917808219182
10/2/2022,6139339.0,44.0,0.7166895328633913,4987417.0,34.0,0.6817156054927831,false,1.21474022388255,0.8636363636363636,10.671232876712327,0.5113636363636364,8.501369863013698,12.57272727272727,108.11369863013702
10/9/2022,6139339.0,48.0,0.7818431267600633,4987417.0,38.0,0.7619174414331106,false,4.30986865635139,0.9409090909090909,10.582191780821915,0.615909090909091,8.471232876712328,12.595454545454546,108.42328767123291
10/16/2022,6139339.0,40.0,0.6515359389667194,4987417.0,30.0,0.6015137695524557,true,7.25055349086753,0.9454545454545454,10.52876712328767,0.44090909090909086,8.51095890410959,12.588636363636367,108.08356164383564
10/23/2022,6139339.0,70.0,1.140187893191759,4987417.0,48.0,0.9624220312839291,true,6.89764962895103,0.9340909090909091,10.604109589041096,0.43863636363636366,8.436986301369862,12.64318181818182,108.99863013698632
10/30/2022,6139339.0,66.0,1.075034299295087,4987417.0,48.0,0.9624220312839291,false,1.66966727818368,0.884090909090909,10.735616438356166,0.5681818181818182,8.780821917808218,12.625,108.66986301369863
11/6/2022,6139339.0,59.0,0.9610155099759111,4987417.0,53.0,1.0626743262093383,true,11.3125906173925,0.8954545454545454,10.693150684931506,0.48863636363636365,8.676712328767122,12.668181818181818,109.31917808219175
11/13/2022,6139339.0,61.0,0.993592306924247,4987417.0,53.0,1.0626743262093383,true,8.14912126162561,0.9363636363636364,10.893150684931506,0.615909090909091,8.875342465753425,12.924999999999999,109.93561643835613
11/20/2022,6139339.0,63.0,1.026169103872583,4987417.0,51.0,1.0225734082391749,true,9.6886962732942,0.8886363636363637,10.779452054794522,0.44090909090909086,8.70958904109589,12.704545454545455,109.77671232876715
11/27/2022,6139339.0,52.0,0.8469967206567351,4987417.0,52.0,1.0426238672242567,true,6.82075180329911,0.9431818181818182,10.87123287671233,0.3909090909090909,8.739726027397262,12.65,109.63150684931504
12/4/2022,6139339.0,69.0,1.123899494717591,4987417.0,49.0,0.982472490269011,false,5.46237580572959,0.9590909090909091,11.042465753424656,0.6090909090909091,9.058904109589042,12.784090909090908,112.2301369863014
12/11/2022,6139339.0,53.0,0.8632851191309031,4987417.0,45.0,0.9022706543286837,false,5.28508193004893,1.0318181818181817,11.057534246575342,0.6954545454545454,8.967123287671235,12.961363636363636,111.36986301369863
12/18/2022,6139339.0,39.0,0.6352475404925514,4987417.0,31.0,0.6215642285375376,false,5.16942735209299,0.9795454545454546,10.816438356164383,0.5840909090909091,8.591780821917808,13.093181818181817,110.84931506849315
12/25/2022,6139339.0,50.0,0.8144199237083993,4987417.0,42.0,0.842119277373438,false,1.3222181017194,0.9522727272727273,10.879166666666666,0.6681818181818181,8.36111111111111,12.640909090909092,109.1263888888889
1/1/2023,6139339.0,63.0,1.026169103872583,4987417.0,53.0,1.0626743262093383,false,0.0,1.0159090909090909,11.105555555555556,0.634090909090909,8.505555555555556,12.863636363636363,111.53055555555557
1/8/2023,6139339.0,24.0,0.39092156338003164,4987417.0,14.0,0.280706425791146,false,0.0,0.9681818181818183,11.120833333333332,0.5136363636363637,8.7875,12.865909090909094,111.86944444444445
